Cluster_ID,Name,Sub Name1,Sub Name2,Element_Name,valueMin,valueMax,ID,R/W,Type,Size,startBit,endBit,Unit,Calculation,returnType,valueNum,value
AirDresser_HASS,,,,WaterLevel,,,1,Read/Write,U16,16,,,hz,,Dec,,
AirDresser_HASS,,,,WaterTemp,,,2,Read/Write,S16,16,,,,0.1|0,Dec,,
AirDresser_HASS,,,,AirTemp,,,3,Read/Write,S16,16,,,,0.1|0,Dec,,
AirDresser_HASS,,,,CompTemp,,,4,Read/Write,S16,16,,,,0.1|0,Dec,,
AirDresser_HASS,,,,FilterTemp,,,5,Read/Write,S16,16,,,,0.1|0,Dec,,
AirDresser_HASS,,,,VentTemp,,,6,Read/Write,S16,16,,,,0.1|0,Dec,,
AirDresser_HASS,,,,IPMTemp,,,7,Read,S16,16,,,,0.1|0,Dec,,
AirDresser_HASS,,,,ActiveWashTemp,,,8,Read/Write,S16,16,,,,0.1|0,Dec,,
AirDresser_HASS,,,,IPMTemp2nd,,,9,Read,S16,16,,,,0.1|0,Dec,,
AirDresser_HASS,,,,ActualRPM,,,11,Read/Write,U16,16,,,RPM,,Dec,,
AirDresser_HASS,,,,TargettingRPM,,,12,Read,U16,16,,,RPM,,Dec,,
AirDresser_HASS,,,,FanActualRPM,,,13,Read,U16,16,,,RPM,,Dec,,
AirDresser_HASS,,,,FanActualRPM,,,14,Read,U16,16,,,RPM,,Dec,,
AirDresser_HASS,,,,ActualRPM2nd,,,15,Read,U16,16,,,RPM,,Dec,,
AirDresser_HASS,,,,TargettingRPM2nd,,,16,Read,U16,16,,,RPM,,Dec,,
AirDresser_HASS,,,,DCLinkVoltage2nd,,,17,Read,U16,16,,,,,Dec,,
AirDresser_HASS,,,,TouchSensorPulseFor1minute,,,18,Read/Write,U16,16,,,,,Dec,,
AirDresser_HASS,,,,AirTermistorADC,,,19,Read/Write,U16,16,,,,,Dec,,
AirDresser_HASS,,,,VentTermistorADC,,,20,Read/Write,U16,16,,,,,Dec,,
AirDresser_HASS,,,,MemsSensorA,,,21,Read/Write,S16,16,,,,,Dec,,
AirDresser_HASS,,,,MemsSensorB,,,22,Read/Write,S16,16,,,,,Dec,,
AirDresser_HASS,,,,MemsSensorC,,,23,Read/Write,S16,16,,,,,Dec,,
AirDresser_HASS,,,,WaterTempADC,,,24,Read/Write,U16,16,,,,,Dec,,
AirDresser_HASS,,,,OverflowSensingData,,,25,Read/Write,U16,16,,,,,Dec,,
AirDresser_HASS,,,,LeakageSensingData,,,26,Read/Write,U16,16,,,,,Dec,,
AirDresser_HASS,,,,OVPSensingData,,,27,Read/Write,U16,16,,,,,Dec,,
AirDresser_HASS,,,,TurbidityReference,,,28,Read/Write,U16,16,,,,0.01|0,Dec,,
AirDresser_HASS,,,,TotalWH,,,29,Read,U32,32,,,,,Dec,,
AirDresser_HASS,,,,BLDCMotorActualPower ,,,30,Read/Write,U16,16,,,,,Dec,,
AirDresser_HASS,,,,TouchSensor,,,31,Read/Write,U16,16,,,,,Dec,,
AirDresser_HASS,,,,TurbiditySensingData,,,32,Read/Write,U16,16,,,V,,Dec,,
AirDresser_HASS,,,,LeakageSensor,,,33,Read/Write,BOOLEAN,8,,,,,Dec,2,0|Off;1|On
AirDresser_HASS,,,,DCLinkVoltage,,,34,Read/Write,U16,16,,,,,Dec,0,
AirDresser_HASS,,,,IsDoorOpen,,,35,Read,BOOLEAN,8,,,,,Dec,2,0|Close;1|Open
AirDresser_HASS,,,,AutoDispensorOpenDetect,,,36,Read/Write,BOOLEAN,8,,,,,Dec,2,0|Close;1|Open
AirDresser_HASS,,,,FloatingSwitch,,,38,Read/Write,BOOLEAN,8,,,,,Dec,2,0|수위감지;1|수위미감지
AirDresser_HASS,,,,ClutchHallsensor,,,39,Read/Write,BOOLEAN,8,,,,,Dec,2,0|dataNotExisting;1|DataExisting
AirDresser_HASS,,,,ClutchMode,,,40,Read/Write,BOOLEAN,8,,,,,Dec,2,0|ClutchModeNot세탁;1|ClutchMode세탁
AirDresser_HASS,,,,TimeShort,,,41,Read/Write,BOOLEAN,8,,,,,Dec,2,0|NotSetTimeShort;1|SetTimeShort
AirDresser_HASS,,,,Progress,,,42,Read,U08,8,,,,,Dec,,
AirDresser_HASS,,,,Step,,,43,Read,U08,8,,,,,Dec,,
AirDresser_HASS,,,,TotalRemainTime,,,44,Read,U16,16,,,min,,Dec,,
AirDresser_HASS,,,,StepRemainTime,,,45,Read,U16,16,,,min,,Dec,,
AirDresser_HASS,,,,WeightSensingControl,,,46,Read/Write,U16,16,,,,,Dec,,
AirDresser_HASS,,,,WeightSensingResult,,,47,Read,U08,8,,,,,Dec,,
AirDresser_HASS,Valve1,,,Valve1,,,48,Read/Write,U08,8,0,7,,,Bin,,
AirDresser_HASS,Valve1,ValveCold,,Valve1_ValveCold,,,48,Read/Write,BIT,,0,0,,,,2,0|Off;1|On
AirDresser_HASS,Valve1,ValveHot,,Valve1_ValveHot,,,48,Read/Write,BIT,,1,1,,,,2,0|Off;1|On
AirDresser_HASS,Valve1,ValvePre,,Valve1_ValvePre,,,48,Read/Write,BIT,,2,2,,,,2,0|Off;1|On
AirDresser_HASS,Valve1,WaterShot,,Valve1_WaterShot,,,48,Read/Write,BIT,,3,3,,,,2,0|Off;1|On
AirDresser_HASS,Valve1,ValveBleach,,Valve1_ValveBleach,,,48,Read/Write,BIT,,4,4,,,,2,0|Off;1|On
AirDresser_HASS,Valve1,ValveDry,,Valve1_ValveDry,,,48,Read/Write,BIT,,5,5,,,,2,0|Off;1|On
AirDresser_HASS,Valve1,ValveMist,,Valve1_ValveMist,,,48,Read/Write,BIT,,6,6,,,,2,0|Off;1|On
AirDresser_HASS,Valve1,ValveSteam,,Valve1_ValveSteam,,,48,Read/Write,BIT,,7,7,,,,2,0|Off;1|On
AirDresser_HASS,Valve2,,,Valve2,,,49,Read/Write,U08,8,0,7,,,Bin,,
AirDresser_HASS,Valve2,ValveChange,,Valve2_ValveChange,,,49,Read/Write,BIT,,0,0,,,,2,0|Off;1|On
AirDresser_HASS,Valve2,ValveWaterSoftner ,,Valve2_ValveWaterSoftner ,,,49,Read/Write,BIT,,1,1,,,,2,0|Off;1|On
AirDresser_HASS,Valve2,ValveSoftener,,Valve2_ValveSoftener,,,49,Read/Write,BIT,,2,2,,,,2,0|Off;1|On
AirDresser_HASS,Valve2,ValveFilter,,Valve2_ValveFilter,,,49,Read/Write,BIT,,3,3,,,,2,0|Off;1|On
AirDresser_HASS,Valve2,ValveActiveWash,,Valve2_ValveActiveWash,,,49,Read/Write,BIT,,4,4,,,,2,0|Off;1|On
AirDresser_HASS,Valve2,ValveHotActiveWash,,Valve2_ValveHotActiveWash,,,49,Read/Write,BIT,,5,5,,,,2,0|Off;1|On
AirDresser_HASS,Valve2,WaterTankActuatorMain,,Valve2_WaterTankActuatorMain,,,49,Read/Write,BIT,,6,6,,,,2,0|Off;1|On
AirDresser_HASS,Valve2,WaterTankActuatorSub,,Valve2_WaterTankActuatorSub,,,49,Read/Write,BIT,,7,7,,,,2,0|Off;1|On
AirDresser_HASS,Actuator1,,,Actuator1,,,50,Read/Write,U08,8,0,7,,,Bin,,
AirDresser_HASS,Actuator1,MotorAC,,Actuator1_MotorAC,,,50,Read/Write,BIT0,,0,0,,,,2,0|Off;1|On
AirDresser_HASS,Actuator1,MotorFan,,Actuator1_MotorFan,,,50,Read/Write,BIT1,,1,1,,,,2,0|Off;1|On
AirDresser_HASS,Actuator1,MotorClutch,,Actuator1_MotorClutch,,,50,Read/Write,BIT2,,2,2,,,,2,0|Off;1|On
AirDresser_HASS,Actuator1,DoorLock,,Actuator1_DoorLock,,,50,Read,BIT3,,3,3,,,,2,0|Unlock;1|Lock
AirDresser_HASS,Actuator1,MotorAutoDetergent,,Actuator1_MotorAutoDetergent,,,50,Read/Write,BIT4,,4,4,,,,2,0|Off;1|On
AirDresser_HASS,Actuator1,MotorAutoRinse,,Actuator1_MotorAutoRinse,,,50,Read/Write,BIT5,,5,5,,,,2,0|Off;1|On
AirDresser_HASS,Actuator1,SSR,,Actuator1_SSR,,,50,Read,BIT,,6,6,,,,2,0|Off;1|On
AirDresser_HASS,Actuator1,MainRelay,,Actuator1_MainRelay,,,50,Read,BIT,,7,7,,,,2,0|Off;1|On
AirDresser_HASS,Actuator2,,,Actuator2,,,51,Read/Write,U08,8,0,7,,,Bin,,
AirDresser_HASS,Actuator2,MotorDistributor,,Actuator2_MotorDistributor,,,51,Read/Write,BIT,,0,0,,,,2,0|Off;1|On
AirDresser_HASS,Actuator2,TurbiditySensorOnOff,,Actuator2_TurbiditySensorOnOff,,,51,Read,BIT,,1,1,,,,2,0|Off;1|On
AirDresser_HASS,Actuator2,ActuatorDry,,Actuator2_ActuatorDry,,,51,Read/Write,BIT,,2,2,,,,2,0|Off;1|On
AirDresser_HASS,Actuator2,ActuatorAutoDoorOpen  ,,Actuator2_ActuatorAutoDoorOpen  ,,,51,Read/Write,BIT,,3,3,,,,2,0|Off;1|On
AirDresser_HASS,Actuator2,VaneFrontMove,,Actuator2_VaneFrontMove,,,51,Read/Write,BIT,,4,4,,,,2,0|Off;1|On
AirDresser_HASS,Actuator2,VaneRearMove,,Actuator2_VaneRearMove,,,51,Read/Write,BIT,,5,5,,,,2,0|Off;1|On
AirDresser_HASS,Actuator2,IVTPower1,,Actuator2_IVTPower1,,,51,Read,BIT,,6,6,,,,2,0|Off;1|On
AirDresser_HASS,Actuator2,IVTPower2,,Actuator2_IVTPower2,,,51,Read,BIT,,7,7,,,,2,0|Off;1|On
AirDresser_HASS,Pump,,,Pump,,,52,Read/Write,U08,8,0,7,,,Bin,,
AirDresser_HASS,Pump,PumpDrain,,Pump_PumpDrain,,,52,Read/Write,BIT0,,0,0,,,,2,0|Off;1|On
AirDresser_HASS,Pump,PumpCircuration,,Pump_PumpCircuration,,,52,Read/Write,BIT1,,1,1,,,,2,0|Off;1|On
AirDresser_HASS,Pump,PumpBubble,,Pump_PumpBubble,,,52,Read/Write,BIT2,,2,2,,,,2,0|Off;1|On
AirDresser_HASS,Pump,SteamSupplyPump,,Pump_SteamSupplyPump,,,52,Read/Write,BIT4,,4,4,,,,2,0|Off;1|On
AirDresser_HASS,Heater,,,Heater,,,53,Read/Write,U08,8,0,7,,,Bin,,
AirDresser_HASS,Heater,HeaterWash,,Heater_HeaterWash,,,53,Read/Write,BIT0,,0,0,,,,2,0|Off;1|On
AirDresser_HASS,Heater,HeaterDry,,Heater_HeaterDry,,,53,Read/Write,BIT1,,1,1,,,,2,0|Off;1|On
AirDresser_HASS,Heater,HeaterSteam,,Heater_HeaterSteam,,,53,Read/Write,BIT2,,2,2,,,,2,0|Off;1|On
AirDresser_HASS,Heater,HeaterDryerLarge,,Heater_HeaterDryerLarge,,,53,Read/Write,BIT3,,3,3,,,,2,0|Off;1|On
AirDresser_HASS,Heater,HeaterDryerSmall,,Heater_HeaterDryerSmall,,,53,Read/Write,BIT4,,4,4,,,,2,0|Off;1|On
AirDresser_HASS,Heater,WasherSmallHeater,,Heater_WasherSmallHeater,,,53,Read/Write,BIT5,,5,5,,,,2,0|Off;1|On
AirDresser_HASS,Heater,Compressor,,Heater_Compressor,,,53,Read/Write,BIT6,,6,6,,,,2,0|Off;1|On
AirDresser_HASS,Actuator3,,,Actuator3,,,54,Read,U08,8,0,7,,,Bin,,
AirDresser_HASS,Actuator3,MotorCW,,Actuator3_MotorCW,,,54,Read,BIT0,,0,0,,,,2,0|Off;1|On
AirDresser_HASS,Actuator3,MotorCCW,,Actuator3_MotorCCW,,,54,Read,BIT1,,1,1,,,,2,0|Off;1|On
AirDresser_HASS,Actuator3,MotorDirection,,Actuator3_MotorDirection,,,54,Read,BIT2,,2,2,,,,2,0|CCW;1|CW
AirDresser_HASS,Actuator3,SecondFilterCaseOpen,,Actuator3_SecondFilterCaseOpen,,,54,Read,BIT3,,3,3,,,,2,0|Close;1|Open
AirDresser_HASS,Actuator3,2ndMotorDirection,,Actuator3_2ndMotorDirection,,,54,Read,BIT4,,4,4,,,,2,0|CCW;1|CW
AirDresser_HASS,Actuator3,FirstFilterCaseOpen,,Actuator3_FirstFilterCaseOpen,,,54,Read,BIT5,,5,5,,,,2,0|Close;1|Open
AirDresser_HASS,Actuator3,Add DoorOpen/Close,,Actuator3_Add DoorOpen/Close,,,54,Read,BIT6,,6,6,,,,2,0|Close;1|Open
AirDresser_HASS,Actuator3,Add DoorLock,,Actuator3_Add DoorLock,,,54,Read,BIT7,,7,7,,,,2,0|Unlock;1|Lock
AirDresser_HASS,Actuator3,ActiveWashWaterTempADC,,ActiveWashWaterTempADC,,,55,Read/Write,U16,16,,,,,Hex,,
AirDresser_HASS,Actuator4,,,Actuator4,,,56,Read/Write,U08,8,0,7,,,Bin,,
AirDresser_HASS,Actuator4,DualFanMotorHigh,,Actuator4_DualFanMotorHigh,,,56,Read/Write,BIT0,,0,0,,,,2,0|Off;1|On
AirDresser_HASS,Actuator4,DualFanMotorMid,,Actuator4_DualFanMotorMid,,,56,Read/Write,BIT1,,1,1,,,,2,0|Off;1|On
AirDresser_HASS,Actuator4,DualFanMotorLow,,Actuator4_DualFanMotorLow,,,56,Read/Write,BIT2,,2,2,,,,2,0|Off;1|On
AirDresser_HASS,Actuator4,PBACoolingFan,,Actuator4_PBACoolingFan,,,56,Read/Write,BIT3,,3,3,,,,2,0|Off;1|On
AirDresser_HASS,Actuator4,DrainWaterTankFloatSwitch,,Actuator4_DrainWaterTankFloatSwitch,,,56,Read,BIT4,,4,4,,,,2,0|미감지;1|감지
AirDresser_HASS,Actuator4,PhotoCatalyst,,Actuator4_PhotoCatalyst,,,56,Read/Write,BIT5,,5,5,,,,2,0|Off;1|On
AirDresser_HASS,Actuator4,WaterSupplyTankSensor,,Actuator4_WaterSupplyTankSensor,,,56,Read,BIT6,,6,6,,,,2,0|Unnormal;1|Normal
AirDresser_HASS,Actuator4,WaterDrainTankSensor,,Actuator4_WaterDrainTankSensor,,,56,Read,BIT7,,7,7,,,,2,0|Unnormal;1|Normal
AirDresser_HASS,,,,RunState,,,58,Read,U08,8,,,,,Dec,,
AirDresser_HASS,,,,PowerState,,,59,Read,U08,8,,,,,Dec,,
AirDresser_HASS,,,,SoundID,,,60,Read,U08,8,,,,,Dec,,
AirDresser_HASS,,,,ErrorCode,,,61,Read,U32,32,,,,,Hex,,
AirDresser_HASS,,,,TotalFlowMeterPulse,,,62,Read/Write,U16,16,,,,,Dec,,
AirDresser_HASS,,,,FlowMeterPulse ,,,63,Read/Write,U16,16,,,,,Dec,,
AirDresser_HASS,,,,WaterSoftnerRegenLevelSetting,,,64,Read/Write,U08,8,,,,,Dec,,
AirDresser_HASS,,,,RinseAidShortage,,,65,Read/Write,U08,8,,,,,Dec,,
AirDresser_HASS,,,,WaterSoftnerSaltShortage,,,66,Read/Write,U08,8,,,,,Dec,2,0|Off;1|On(lack)
AirDresser_HASS,,,,LowWaterLevelSwitchSensed,,,67,Read/Write,U08,8,,,,,Dec,2,0|Off;1|On(lack)
AirDresser_HASS,,,,SensedIVTDoorOpened,,,68,Read/Write,U08,8,,,,,Dec,2,0|Close;1|Open
AirDresser_HASS,,,,SensedMotorErrorFromIVT,,,69,Read/Write,U08,8,,,,,Hex,,
AirDresser_HASS,,,,LowLevelSensingReferencePower,,,70,Read,U16,16,,,,,Hex,,
AirDresser_HASS,,,,DistributorNozzlePosition,,,71,Read,U08,8,,,,,Hex,,
AirDresser_HASS,,,,DistributorPositionSensingSignal ,,,72,Read,BOOLEAN,8,,,,,Hex,,
AirDresser_HASS,,,,VaneResetSignal,,,73,Read/Write,BOOLEAN,8,,,,,Dec,2,0|Off;1|On
AirDresser_HASS,,,,SensedTurbidityLevel,,,74,Read,U08,8,,,,,Dec,,
AirDresser_HASS,,,,IVTCtrlResponseType,,,76,Read ,U08,8,,,,,Hex,,
AirDresser_HASS,,,,IsDoorLocked,,,77,Read/Write,BOOLEAN,8,,,,,Dec,2,0|Open;1|Close
AirDresser_HASS,,,,MotorOnTime,,,78,Read,U16,16,,,sec,0.1|0,Dec,,
AirDresser_HASS,,,,MotorOffTime,,,79,Read,U16,16,,,sec,0.1|0,Dec,,
AirDresser_HASS,,,,SudsDetect,,,80,Read/Write,U16,16,,,,,Dec,,
AirDresser_HASS,,,,OverloadDetect,,,81,Read/Write,U16,16,,,,,Dec,,
AirDresser_HASS,,,,OptionData,,,82,Read,U16,16,,,,,Dec,,
AirDresser_HASS,,,,CourseRecipeData,,,83,Read,Array,120,,,,,Dec,,
AirDresser_HASS,DryerDrivingPart,,,DryerDrivingPart,,,84,Write,U08,8,0,7,,,Bin,,
AirDresser_HASS,DryerDrivingPart,DryerMotorBigHeater,,DryerDrivingPart_DryerMotorBigHeater,,,84,Write,BIT0,,0,0,,,,,
AirDresser_HASS,DryerDrivingPart,DryerMotorSmallHeater,,DryerDrivingPart_DryerMotorSmallHeater,,,84,Write,BIT1,,1,1,,,,,
AirDresser_HASS,DryerDrivingPart,DryerMotorBigSmallHeater,,DryerDrivingPart_DryerMotorBigSmallHeater,,,84,Write,BIT2,,2,2,,,,,
AirDresser_HASS,DryerDrivingPart,DryerMotorSteamValve,,DryerDrivingPart_DryerMotorSteamValve,,,84,Write,BIT3,,3,3,,,,,
AirDresser_HASS,DryerDrivingPart,FanMotorHigh,,DryerDrivingPart_FanMotorHigh,,,84,Write,BIT4,,4,4,,,,,
AirDresser_HASS,DryerDrivingPart,FanMotorMid,,DryerDrivingPart_FanMotorMid,,,84,Write,BIT5,,5,5,,,,,
AirDresser_HASS,DryerDrivingPart,FanMotorLow,,DryerDrivingPart_FanMotorLow,,,84,Write,BIT6,,6,6,,,,,
AirDresser_HASS,,,,AutoDoorReleaseDrySetting,,,85,Read/Write,BOOLEAN,8,,,,,Dec,2,0|Off;1|On
AirDresser_HASS,,,,SoundLevelSetting,,,86,Read/Write,U08,8,,,,,Dec,2,0|Off;254|On(MAX)
AirDresser_HASS,,,,InfoLightBrightnessSetting,,,87,Read/Write,U08,8,,,,,Dec,2,0|Off;254|On(MAX)
AirDresser_HASS,,,,ACVoltage,,,88,Read/Write,U16,16,,,,,Dec,,
AirDresser_HASS,,,,EvaInTemp,,,89,Read/Write,S16,16,,,,0.1|0,Dec,,
AirDresser_HASS,,,,EvaOutTemp,,,90,Read/Write,S16,16,,,,0.1|0,Dec,,
AirDresser_HASS,,,,EEVStep,,,91,Read/Write,U16,16,,,,,Dec,,
AirDresser_HASS,,,,CompressorTopTemp,,,92,Read/Write,S16,16,,,,0.1|0,Dec,,
AirDresser_HASS,,,,CompressorInputCurrent,,,93,Read,U16,16,,,,0.1|0,Dec,,
AirDresser_HASS,,,,HeaterTemp,,,94,Read/Write,S16,16,,,,0.1|0,Dec,,
AirDresser_HASS,,,,DuctAirInTemp,,,95,Read/Write,S16,16,,,,0.1|0,Dec,,
AirDresser_HASS,,,,DuctAirOutTemp,,,96,Read/Write,S16,16,,,,0.1|0,Dec,,
AirDresser_HASS,,,,SteamWaterTemp,,,97,Read/Write,S16,16,,,,0.1|0,Dec,,
AirDresser_HASS,,,,KeyData1,,,101,Write,U32,32,,,,,Hex,,
AirDresser_HASS,,,,KeyData2,,,102,Write,U32,32,,,,,Hex,,
AirDresser_HASS,,,,PowerKey,,,103,Write,BOOLEAN,8,,,,,Dec,2,0|Off;1|On
AirDresser_HASS,,,,KeyPushTime,,,104,Write,U32,32,,,,,Dec,,
AirDresser_HASS,OutbugGeneralControlData,,,OutbugGeneralControlData,,,105,Write,U08,8,0,7,,,Bin,,
AirDresser_HASS,OutbugGeneralControlData,ResetSensorControl,,OutbugGeneralControlData_ResetSensorControl,,,105,Write,BIT,,0,0,,,,2,0|Off;1|On
AirDresser_HASS,OutbugGeneralControlData,DisconnectOutbug,,OutbugGeneralControlData_DisconnectOutbug,,,105,Write,BIT,,1,1,,,,2,0|Off;1|On
AirDresser_HASS,Damper,,,Damper,,,106,Read,U08,8,0,7,,,Bin,,
AirDresser_HASS,Damper,UpperDamperClose,,Damper_UpperDamperClose,,,106,Read,BIT0,,0,0,,,,1,1|Close
AirDresser_HASS,Damper,UpperDamperOpen,,Damper_UpperDamperOpen,,,106,Read,BIT1,,1,1,,,,1,1|Open
AirDresser_HASS,Damper,UpperDamperSensing,,Damper_UpperDamperSensing,,,106,Read,BIT2,,2,2,,,,2,0|Close;1|Open
AirDresser_HASS,Damper,LowerDamperClose,,Damper_LowerDamperClose,,,106,Read,BIT3,,3,3,,,,1,1|Close
AirDresser_HASS,Damper,LowerDamperOpen,,Damper_LowerDamperOpen,,,106,Read,BIT4,,4,4,,,,1,1|Open
AirDresser_HASS,Damper,LowerDamperSensing,,Damper_LowerDamperSensing,,,106,Read,BIT5,,5,5,,,,2,0|Close;1|Open
AirDresser_HASS,Damper,SteamWaterHighLevelCheck,,Damper_SteamWaterHighLevelCheck,,,106,Read,BIT6,,6,6,,,,2,0|WaterNotExisting;1|WaterExisting
AirDresser_HASS,Damper,SteamWaterLowLevelCheck,,Damper_SteamWaterLowLevelCheck,,,106,Read,BIT7,,7,7,,,,2,0|WaterNotExisting;1|WaterExisting
AirDresser_HASS,,,,FilterUsageTimeMin,,,107,Read/Write,U16,16,,,,,Dec,,
AirDresser_HASS,,,,UIDATA1,,,151,Read,Array,240,,,,,Hex,,
AirDresser_HASS,,,,UIDATA2,,,152,Read,Array,240,,,,,Hex,,
AirDresser_HASS,,,,UIDATA3,,,153,Read,Array,240,,,,,Hex,,
AirDresser_HASS,,,,RecentCourse1st,,,159,Read,Array,40,,,,,Hex,,
AirDresser_HASS,,,,RecentCourse2nd,,,160,Read,Array,40,,,,,Hex,,
AirDresser_HASS,,,,RecentCourse3rd,,,161,Read,Array,40,,,,,Hex,,
AirDresser_HASS,,,,RecentCourse4th,,,162,Read,Array,40,,,,,Hex,,
AirDresser_HASS,,,,RecentCourse5th,,,163,Read,Array,40,,,,,Hex,,
AirDresser_HASS,,,,HRMAdvancedWasherRecentCourse1st,,,164,Read,Array,1040,,,,,Hex,,
AirDresser_HASS,,,,HRMAdvancedWasherRecentCourse2nd,,,165,Read,Array,1040,,,,,Hex,,
AirDresser_HASS,,,,HRMAdvancedWasherRecentCourse3rd,,,166,Read,Array,1040,,,,,Hex,,
AirDresser_HASS,,,,HRMAdvancedWasherRecentCourse4th,,,167,Read,Array,1040,,,,,Hex,,
AirDresser_HASS,,,,HRMAdvancedWasherRecentCourse5th,,,168,Read,Array,1040,,,,,Hex,,
AirDresser_HASS,AssyCodeInverter2nd,,,AssyCodeInverter2nd,,,179,Read,U32,32,0,31,,,Dec,,
AirDresser_HASS,AssyCodeInverter2nd,Year,,AssyCodeInverter2nd_Year,,,179,Read,BYTE0,,0,7,Year,,,,
AirDresser_HASS,AssyCodeInverter2nd,Month,,AssyCodeInverter2nd_Month,,,179,Read,BYTE1,,8,15,Month,,,,
AirDresser_HASS,AssyCodeInverter2nd,Day,,AssyCodeInverter2nd_Day,,,179,Read,BYTE2,,16,23,Day,,,,
AirDresser_HASS,AssyCodeInverter2nd,version,,AssyCodeInverter2nd_version,,,179,Read,BYTE3,,24,31,version,,,,
AirDresser_HASS,VersionInfoInverter2nd,,,VersionInfoInverter2nd,,,180,Read,U32,32,0,31,,,Dec,,
AirDresser_HASS,VersionInfoInverter2nd,Year,,VersionInfoInverter2nd_Year,,,180,Read,BYTE0,,0,7,Year,,,,
AirDresser_HASS,VersionInfoInverter2nd,Month,,VersionInfoInverter2nd_Month,,,180,Read,BYTE1,,8,15,Month,,,,
AirDresser_HASS,VersionInfoInverter2nd,Day,,VersionInfoInverter2nd_Day,,,180,Read,BYTE2,,16,23,Day,,,,
AirDresser_HASS,VersionInfoInverter2nd,version,,VersionInfoInverter2nd_version,,,180,Read,BYTE3,,24,31,version,,,,
AirDresser_HASS,AssyCodeMain,,,AssyCodeMain,,,181,Read,U32,32,0,31,,,Dec,,
AirDresser_HASS,AssyCodeMain,Year,,AssyCodeMain_Year,,,181,Read,BYTE0,,0,7,Year,,,,
AirDresser_HASS,AssyCodeMain,Month,,AssyCodeMain_Month,,,181,Read,BYTE1,,8,15,Month,,,,
AirDresser_HASS,AssyCodeMain,Day,,AssyCodeMain_Day,,,181,Read,BYTE2,,16,23,Day,,,,
AirDresser_HASS,AssyCodeMain,version,,AssyCodeMain_version,,,181,Read,BYTE3,,24,31,version,,,,
AirDresser_HASS,VersionInfoMain,,,VersionInfoMain,,,182,Read,U32,32,0,31,,,Dec,,
AirDresser_HASS,VersionInfoMain,Year,,VersionInfoMain_Year,,,182,Read,BYTE0,,0,7,Year,,,,
AirDresser_HASS,VersionInfoMain,Month,,VersionInfoMain_Month,,,182,Read,BYTE1,,8,15,Month,,,,
AirDresser_HASS,VersionInfoMain,Day,,VersionInfoMain_Day,,,182,Read,BYTE2,,16,23,Day,,,,
AirDresser_HASS,VersionInfoMain,version,,VersionInfoMain_version,,,182,Read,BYTE3,,24,31,version,,,,
AirDresser_HASS,AssyCodeSub,,,AssyCodeSub,,,183,Read,U32,32,0,31,,,Dec,,
AirDresser_HASS,AssyCodeSub,Year,,AssyCodeSub_Year,,,183,Read,BYTE0,,0,7,Year,,,,
AirDresser_HASS,AssyCodeSub,Month,,AssyCodeSub_Month,,,183,Read,BYTE1,,8,15,Month,,,,
AirDresser_HASS,AssyCodeSub,Day,,AssyCodeSub_Day,,,183,Read,BYTE2,,16,23,Day,,,,
AirDresser_HASS,AssyCodeSub,version,,AssyCodeSub_version,,,183,Read,BYTE3,,24,31,version,,,,
AirDresser_HASS,VersionInfoSub,,,VersionInfoSub,,,184,Read,U32,32,0,31,,,Dec,,
AirDresser_HASS,VersionInfoSub,Year,,VersionInfoSub_Year,,,184,Read,BYTE0,,0,7,Year,,,,
AirDresser_HASS,VersionInfoSub,Month,,VersionInfoSub_Month,,,184,Read,BYTE1,,8,15,Month,,,,
AirDresser_HASS,VersionInfoSub,Day,,VersionInfoSub_Day,,,184,Read,BYTE2,,16,23,Day,,,,
AirDresser_HASS,VersionInfoSub,version,,VersionInfoSub_version,,,184,Read,BYTE3,,24,31,version,,,,
AirDresser_HASS,AssyCodeInverter,,,AssyCodeInverter,,,185,Read,U32,32,0,31,,,Dec,,
AirDresser_HASS,AssyCodeInverter,Year,,AssyCodeInverter_Year,,,185,Read,BYTE0,,0,7,Year,,,,
AirDresser_HASS,AssyCodeInverter,Month,,AssyCodeInverter_Month,,,185,Read,BYTE1,,8,15,Month,,,,
AirDresser_HASS,AssyCodeInverter,Day,,AssyCodeInverter_Day,,,185,Read,BYTE2,,16,23,Day,,,,
AirDresser_HASS,AssyCodeInverter,version,,AssyCodeInverter_version,,,185,Read,BYTE3,,24,31,version,,,,
AirDresser_HASS,VersionInfoInverter,,,VersionInfoInverter,,,186,Read,U32,32,0,31,,,Dec,,
AirDresser_HASS,VersionInfoInverter,Year,,VersionInfoInverter_Year,,,186,Read,BYTE0,,0,7,Year,,,,
AirDresser_HASS,VersionInfoInverter,Month,,VersionInfoInverter_Month,,,186,Read,BYTE1,,8,15,Month,,,,
AirDresser_HASS,VersionInfoInverter,Day,,VersionInfoInverter_Day,,,186,Read,BYTE2,,16,23,Day,,,,
AirDresser_HASS,VersionInfoInverter,version,,VersionInfoInverter_version,,,186,Read,BYTE3,,24,31,version,,,,
AirDresser_HASS,AssyCodeTouch,,,AssyCodeTouch,,,187,Read,U32,32,0,31,,,Dec,,
AirDresser_HASS,AssyCodeTouch,Year,,AssyCodeTouch_Year,,,187,Read,BYTE0,,0,7,Year,,,,
AirDresser_HASS,AssyCodeTouch,Month,,AssyCodeTouch_Month,,,187,Read,BYTE1,,8,15,Month,,,,
AirDresser_HASS,AssyCodeTouch,Day,,AssyCodeTouch_Day,,,187,Read,BYTE2,,16,23,Day,,,,
AirDresser_HASS,AssyCodeTouch,version,,AssyCodeTouch_version,,,187,Read,BYTE3,,24,31,version,,,,
AirDresser_HASS,VersionInfoTocuh,,,VersionInfoTocuh,,,188,Read,U32,32,0,31,,,Dec,,
AirDresser_HASS,VersionInfoTocuh,Year,,VersionInfoTocuh_Year,,,188,Read,BYTE0,,0,7,Year,,,,
AirDresser_HASS,VersionInfoTocuh,Month,,VersionInfoTocuh_Month,,,188,Read,BYTE1,,8,15,Month,,,,
AirDresser_HASS,VersionInfoTocuh,Day,,VersionInfoTocuh_Day,,,188,Read,BYTE2,,16,23,Day,,,,
AirDresser_HASS,VersionInfoTocuh,version,,VersionInfoTocuh_version,,,188,Read,BYTE3,,24,31,version,,,,
AirDresser_HASS,AssyCodeLCD,,,AssyCodeLCD,,,189,Read,U32,32,0,31,,,Dec,,
AirDresser_HASS,AssyCodeLCD,Year,,AssyCodeLCD_Year,,,189,Read,BYTE0,,0,7,Year,,,,
AirDresser_HASS,AssyCodeLCD,Month,,AssyCodeLCD_Month,,,189,Read,BYTE1,,8,15,Month,,,,
AirDresser_HASS,AssyCodeLCD,Day,,AssyCodeLCD_Day,,,189,Read,BYTE2,,16,23,Day,,,,
AirDresser_HASS,AssyCodeLCD,version,,AssyCodeLCD_version,,,189,Read,BYTE3,,24,31,version,,,,
AirDresser_HASS,VersionInfoLCD,,,VersionInfoLCD,,,190,Read,U32,32,0,31,,,Dec,,
AirDresser_HASS,VersionInfoLCD,Year,,VersionInfoLCD_Year,,,190,Read,BYTE0,,0,7,Year,,,,
AirDresser_HASS,VersionInfoLCD,Month,,VersionInfoLCD_Month,,,190,Read,BYTE1,,8,15,Month,,,,
AirDresser_HASS,VersionInfoLCD,Day,,VersionInfoLCD_Day,,,190,Read,BYTE2,,16,23,Day,,,,
AirDresser_HASS,VersionInfoLCD,version,,VersionInfoLCD_version,,,190,Read,BYTE3,,24,31,version,,,,
AirDresser_HASS,AssyCodeEEPROMImage,,,AssyCodeEEPROMImage,,,191,Read,U32,32,0,31,,,Dec,,
AirDresser_HASS,AssyCodeEEPROMImage,Year,,AssyCodeEEPROMImage_Year,,,191,Read,BYTE0,,0,7,Year,,,,
AirDresser_HASS,AssyCodeEEPROMImage,Month,,AssyCodeEEPROMImage_Month,,,191,Read,BYTE1,,8,15,Month,,,,
AirDresser_HASS,AssyCodeEEPROMImage,Day,,AssyCodeEEPROMImage_Day,,,191,Read,BYTE2,,16,23,Day,,,,
AirDresser_HASS,AssyCodeEEPROMImage,version,,AssyCodeEEPROMImage_version,,,191,Read,BYTE3,,24,31,version,,,,
AirDresser_HASS,VersionInfoEEPROMImage,,,VersionInfoEEPROMImage,,,192,Read,U32,32,0,31,,,Dec,,
AirDresser_HASS,VersionInfoEEPROMImage,Year,,VersionInfoEEPROMImage_Year,,,192,Read,BYTE0,,0,7,Year,,,,
AirDresser_HASS,VersionInfoEEPROMImage,Month,,VersionInfoEEPROMImage_Month,,,192,Read,BYTE1,,8,15,Month,,,,
AirDresser_HASS,VersionInfoEEPROMImage,Day,,VersionInfoEEPROMImage_Day,,,192,Read,BYTE2,,16,23,Day,,,,
AirDresser_HASS,VersionInfoEEPROMImage,version,,VersionInfoEEPROMImage_version,,,192,Read,BYTE3,,24,31,version,,,,
AirDresser_HASS,,,,VersionInverter2nd,,,200,Read,U32,32,,,,,Hex,,
AirDresser_HASS,,,,VersionMain,,,201,Read,U32,32,,,,,Hex,,
AirDresser_HASS,,,,VersionSub,,,202,Read,U32,32,,,,,Hex,,
AirDresser_HASS,,,,VersionInverter,,,203,Read,U32,32,,,,,Hex,,
AirDresser_HASS,,,,VersionTocuh,,,204,Read,U32,32,,,,,Hex,,
AirDresser_HASS,,,,VersionLCD,,,205,Read,U32,32,,,,,Hex,,
AirDresser_HASS,,,,VersionWiFi,,,206,Read,U32,32,,,,,Hex,,
AirDresser_HASS,,,,VersionEEPROMImage,,,207,Read,U32,32,,,,,Hex,,
AirDresser_HASS,RecentErrorData String,,,RecentErrorData String,,,219,Read,Array,160,0,159,,,Hex,,
AirDresser_HASS,RecentErrorData String,RecentErrorData String1,,RecentErrorData String_RecentErrorData String1,,,219,Read,BYTE0~3,,0,31,,,,,
AirDresser_HASS,RecentErrorData String,RecentErrorData String2,,RecentErrorData String_RecentErrorData String2,,,219,Read,BYTE4~7,,32,63,,,,,
AirDresser_HASS,RecentErrorData String,RecentErrorData String3,,RecentErrorData String_RecentErrorData String3,,,219,Read,BYTE8~11,,64,95,,,,,
AirDresser_HASS,RecentErrorData String,RecentErrorData String4,,RecentErrorData String_RecentErrorData String4,,,219,Read,BYTE12~15,,96,127,,,,,
AirDresser_HASS,RecentErrorData String,RecentErrorData String5,,RecentErrorData String_RecentErrorData String5,,,219,Read,BYTE16~19,,128,159,,,,,
AirDresser_HASS,RecentErrorData,,,RecentErrorData,,,220,Read,Array,40,0,39,,,Hex,,
AirDresser_HASS,RecentErrorData,RecentErrorData1,,RecentErrorData_RecentErrorData1,,,220,Read,BYTE0,,0,7,,,,,
AirDresser_HASS,RecentErrorData,RecentErrorData2,,RecentErrorData_RecentErrorData2,,,220,Read,BYTE1,,8,15,,,,,
AirDresser_HASS,RecentErrorData,RecentErrorData3,,RecentErrorData_RecentErrorData3,,,220,Read,BYTE2,,15,23,,,,,
AirDresser_HASS,RecentErrorData,RecentErrorData4,,RecentErrorData_RecentErrorData4,,,220,Read,BYTE3,,24,31,,,,,
AirDresser_HASS,RecentErrorData,RecentErrorData5,,RecentErrorData_RecentErrorData5,,,220,Read,BYTE4,,32,39,,,,,
AirDresser_HASS,,,,HASS,,,226,Read/Write,U08,8,,,,,Dec,11,1|자가진단 진입;2|개별진단진입;3|UI Display All On;4|UI Display All OFF;5|Motor Tumble On;6|Motor Tumble Off;7|OTN 모드로 진입;8|단축 자가진단 진입;9|최근 저장된 에러 이력 삭제;240|자가진단/개별진단 종료(일반모드 재진입);254|진입실패(Read)
AirDresser_HASS,,,,SmartInstallIndex,,,227,Read,U08,8,,,,,Dec,2,0|자가동작시작전;255|자가동작완료
AirDresser_HASS,,,,SmartInstallState,,,228,Read,U08,8,,,,,Dec,2,0|before Check;1|NotGood
AirDresser_HASS,TestMode,,,TestMode,,,229,Read,U16,16,,,,,Bin,,
AirDresser_HASS,TestMode,LineTestMode,,TestMode_LineTestMode,,,229,Read,BIT0,,0,0,,,,1,1|EnteringLineTest
AirDresser_HASS,TestMode,DFPTTestMode,,TestMode_DFPTTestMode,,,229,Read,BIT1,,1,1,,,,1,1|EnteringDFPTtest
AirDresser_HASS,,,,SerialNumber,,,230,Read/Write,U08,120,,,,,Hex,,
AirDresser_HASS,,,,InLineWriting,,,231,Read/Write,U08,176,,,,,Hex,,
AirDresser_HASS,,,,ProductType,,,232,Read,U08,8,,,,,Dec,7,0|드럼;1|전자동;2|건조기;3|식세기;4|Dual Wash;5|Dual Dryer;6|AirDresser
AirDresser_HASS,,,,InLineWritingSuccess,,,233,Read/Write,U08,8,,,,,Dec,4,0|Success;1|File Header/ CheckSum Fail;2|EEPROM Read/Write Fail;3|Option List에 없음
AirDresser_HASS,,,,HassOTNMainMicomAddress,,,234,Read,Array,24,,,,,Hex,,
AirDresser_HASS,,,,HassOTNSubMicom1Address,,,235,Read,Array,24,,,,,Hex,,
AirDresser_HASS,,,,HassOTNSubMicom2Address,,,236,Read,Array,24,,,,,Hex,,
AirDresser_HASS,,,,HassOTNMainDBCode,,,237,Read,Array,32,,,,,Hex,,
AirDresser_HASS,,,,HassOTNSub1DBCode,,,238,Read,Array,32,,,,,Hex,,
AirDresser_HASS,,,,HassOTNSub2DBCode,,,239,Read,Array,32,,,,,Hex,,
AirDresser_HASS,HASSOTN,,,HASSOTN,,,240,Read,U16,16,0,15,,,Dec,,
AirDresser_HASS,HASSOTN,IsPossibleHASSOTN,,HASSOTN_IsPossibleHASSOTN,,,240,Read,BIT0,,0,0,,,,1,1|EnteringLineTest
AirDresser_HASS,,,,RequestHRMAdvanceCourse,,,248,Write,U08,8,,,,,Dec,,
AirDresser_HASS,RequestDataToTarget,,,RequestDataToTarget,,,251,Read/Write,U08,8,0,8,,,Bin,,
AirDresser_HASS,RequestDataToTarget,RequestUIData,,RequestDataToTarget_RequestUIData,,,251,Read/Write,BIT,,0,0,,,,2,0|UI Data 미전송;1|UI Data 전송
AirDresser_HASS,RequestDataToTarget,RequestSensorData,,RequestDataToTarget_RequestSensorData,,,251,Read/Write,BIT,,1,1,,,,2,0|Sensor Data 미전송;1|Sensor Data 전송
AirDresser_HASS,RequestDataToTarget,RequestVersionData,,RequestDataToTarget_RequestVersionData,,,251,Read/Write,BIT,,2,2,,,,2,0|Version 정보 미전송;1|Version 정보 Data 전송
AirDresser_HASS,RequestDataToTarget,RequestWMOTNData,,RequestDataToTarget_RequestWMOTNData,,,251,Read/Write,BIT,,3,3,,,,2,0|HASSOTN 정보 미전송;1|HASSOTN 정보 전송
AirDresser_HASS,RequestDataToTarget,RequestWMInfoData,,RequestDataToTarget_RequestWMInfoData,,,251,Read/Write,BIT,,4,4,,,,2,0|HASSINFO 정보 미전송;1|HASSINFO 정보 전송
AirDresser_HASS,RequestDataToTarget,RequestWMTestData,,RequestDataToTarget_RequestWMTestData,,,251,Read/Write,BIT,,5,5,,,,2,0|HASSTEST 정보 미전송;1|HASSTEST 정보 전송
AirDresser_HASS,RequestDataToTarget,RequestSupportedID,,RequestDataToTarget_RequestSupportedID,,,251,Read/Write,BIT,,6,6,,,,2,0|N/A;1|SupportedID Request
AirDresser_HASS,,,,SupportedIDList,,,252,Read,Array,352,,,,,Hex,,
AirDresser_HASS,,,,RequestReset,,,253,Write,Byte,8,,,,,Hex,1,F0|set reset
AirDresser_HASS,,,,ProtocolVersion,,,254,Read,Byte,16,,,,0.01|0,Dec,,
